{
  "test_loss": 0.009692762911799945,
  "test_accuracy": {
    "number": 1.0,
    "color": 1.0,
    "shape": 0.9992082343626286,
    "fill": 0.997624703087886
  },
  "avg_test_accuracy": 0.9992082343626286,
  "train_size": 9479,
  "val_size": 1895,
  "test_size": 1263
}