{
  "test_loss": 0.043535132493291585,
  "test_accuracy": {
    "number": 0.9948453608247423,
    "color": 1.0,
    "shape": 1.0,
    "fill": 1.0
  },
  "avg_test_accuracy": 0.9987113402061856,
  "train_size": 1458,
  "val_size": 291,
  "test_size": 194
}